[
    {
        "model": "car_rental.brand",
        "pk": 1,
        "fields": {
            "name": "Tesla"
        }
    },
    {
        "model": "car_rental.brand",
        "pk": 2,
        "fields": {
            "name": "BMW"
        }
    },
    {
        "model": "car_rental.brand",
        "pk": 3,
        "fields": {
            "name": "Mercedes-Benz"
        }
    },
    {
        "model": "car_rental.brand",
        "pk": 4,
        "fields": {
            "name": "Hyundai"
        }
    },
    {
        "model": "car_rental.brand",
        "pk": 5,
        "fields": {
            "name": "Kia"
        }
    },
    {
        "model": "car_rental.brand",
        "pk": 6,
        "fields": {
            "name": "Opel"
        }
    },
    {
        "model": "car_rental.brand",
        "pk": 7,
        "fields": {
            "name": "Fiat"
        }
    },
    {
        "model": "car_rental.location",
        "pk": 1,
        "fields": {
            "city": "Warszawa",
            "slug": "warszawa"
        }
    },
    {
        "model": "car_rental.location",
        "pk": 2,
        "fields": {
            "city": "Katowice",
            "slug": "katowice"
        }
    },
    {
        "model": "car_rental.location",
        "pk": 3,
        "fields": {
            "city": "Gdańsk",
            "slug": "gdansk"
        }
    },
    {
        "model": "car_rental.location",
        "pk": 4,
        "fields": {
            "city": "Kraków",
            "slug": "krakow"
        }
    },
    {
        "model": "car_rental.location",
        "pk": 5,
        "fields": {
            "city": "Poznań",
            "slug": "poznan"
        }
    },
    {
        "model": "car_rental.location",
        "pk": 6,
        "fields": {
            "city": "Wrocław",
            "slug": "wroclaw"
        }
    },
    {
        "model": "car_rental.vehiclecategory",
        "pk": 1,
        "fields": {
            "category": "City",
            "slug": "city"
        }
    },
    {
        "model": "car_rental.vehiclecategory",
        "pk": 2,
        "fields": {
            "category": "Suv",
            "slug": "suv"
        }
    },
    {
        "model": "car_rental.vehiclecategory",
        "pk": 3,
        "fields": {
            "category": "Electric",
            "slug": "electric"
        }
    },
    {
        "model": "car_rental.vehiclecategory",
        "pk": 4,
        "fields": {
            "category": "Sedan",
            "slug": "sedan"
        }
    },
    {
        "model": "car_rental.vehicle",
        "pk": 1,
        "fields": {
            "brand": 1,
            "model": "Model 3",
            "registration_plate": "WW15D03",
            "VIN_number": "FNZY8OBXIPITIODDQ",
            "mileage": 5890,
            "cost": 100,
            "availability": true,
            "active": true,
            "image": "vehicles/tesla-3-black.png",
            "location": 1,
            "category": 3
        }
    },
    {
        "model": "car_rental.vehicle",
        "pk": 2,
        "fields": {
            "brand": 1,
            "model": "Model S",
            "registration_plate": "WW81M26",
            "VIN_number": "1HLK230E2R17PK9OK",
            "mileage": 10909,
            "cost": 120,
            "availability": true,
            "active": true,
            "image": "vehicles/tesla-s-white.png",
            "location": 1,
            "category": 3
        }
    },
    {
        "model": "car_rental.vehicle",
        "pk": 3,
        "fields": {
            "brand": 1,
            "model": "Model Y",
            "registration_plate": "WW64C94",
            "VIN_number": "YKXF4X8NLFM3BS2EG",
            "mileage": 4230,
            "cost": 130,
            "availability": true,
            "active": true,
            "image": "vehicles/tesla-y-grey.png",
            "location": 1,
            "category": 3
        }
    },
    {
        "model": "car_rental.vehicle",
        "pk": 4,
        "fields": {
            "brand": 7,
            "model": "500",
            "registration_plate": "WW56U95",
            "VIN_number": "3TORWZLAZLQC2TNDJ",
            "mileage": 47102,
            "cost": 80,
            "availability": true,
            "active": true,
            "image": "vehicles/fiat-500-orange.png",
            "location": 1,
            "category": 1
        }
    },
    {
        "model": "car_rental.vehicle",
        "pk": 5,
        "fields": {
            "brand": 6,
            "model": "Corsa",
            "registration_plate": "WW47J76",
            "VIN_number": "Y2HOLQHX9OZUTYCB0",
            "mileage": 37091,
            "cost": 80,
            "availability": true,
            "active": true,
            "image": "vehicles/corsa-red.jpeg",
            "location": 1,
            "category": 1
        }
    },
    {
        "model": "car_rental.vehicle",
        "pk": 6,
        "fields": {
            "brand": 2,
            "model": "5",
            "registration_plate": "WW71R92",
            "VIN_number": "M1ALW97JMB43HVBYX",
            "mileage": 26199,
            "cost": 150,
            "availability": false,
            "active": true,
            "image": "vehicles/bmw-5-blue.png",
            "location": 1,
            "category": 4
        }
    },
    {
        "model": "car_rental.vehicle",
        "pk": 7,
        "fields": {
            "brand": 3,
            "model": "C-Class",
            "registration_plate": "WW36M55",
            "VIN_number": "T69TFJKUKIC2GQO2A",
            "mileage": 35109,
            "cost": 150,
            "availability": true,
            "active": true,
            "image": "vehicles/mercedes-c-white.png",
            "location": 1,
            "category": 4
        }
    },
    {
        "model": "car_rental.vehicle",
        "pk": 8,
        "fields": {
            "brand": 2,
            "model": "X5",
            "registration_plate": "WW09B11",
            "VIN_number": "YB2L4W9NULKWKHD0G",
            "mileage": 19021,
            "cost": 190,
            "availability": true,
            "active": true,
            "image": "vehicles/bmw-x5-grey.png",
            "location": 1,
            "category": 2
        }
    },
    {
        "model": "car_rental.vehicle",
        "pk": 9,
        "fields": {
            "brand": 3,
            "model": "GLS",
            "registration_plate": "WW74R35",
            "VIN_number": "4DIC74S5W1CP6W20C",
            "mileage": 27192,
            "cost": 190,
            "availability": true,
            "active": true,
            "image": "vehicles/mercedes-gls-black.png",
            "location": 1,
            "category": 2
        }
    },
    {
        "model": "car_rental.vehicle",
        "pk": 10,
        "fields": {
            "brand": 4,
            "model": "Tucson",
            "registration_plate": "WW21B51",
            "VIN_number": "3VXJ1OZWFET79L3WY",
            "mileage": 11109,
            "cost": 110,
            "availability": true,
            "active": true,
            "image": "vehicles/hyundai-tucson.jpeg",
            "location": 1,
            "category": 2
        }
    },
    {
        "model": "car_rental.vehicle",
        "pk": 11,
        "fields": {
            "brand": 5,
            "model": "Sportage",
            "registration_plate": "WW58L92",
            "VIN_number": "FZB0DKBMRITJD53NG",
            "mileage": 15421,
            "cost": 110,
            "availability": true,
            "active": true,
            "image": "vehicles/kia-sportage.png",
            "location": 1,
            "category": 2
        }
    },
    {
        "model": "car_rental.vehicle",
        "pk": 12,
        "fields": {
            "brand": 1,
            "model": "Model 3",
            "registration_plate": "GA35S21",
            "VIN_number": "0TKF4MAH4N19WHSGS",
            "mileage": 24019,
            "cost": 110,
            "availability": true,
            "active": true,
            "image": "vehicles/tesla-3-white.png",
            "location": 3,
            "category": 3
        }
    },
    {
        "model": "car_rental.vehicle",
        "pk": 13,
        "fields": {
            "brand": 1,
            "model": "Model S",
            "registration_plate": "GA26K03",
            "VIN_number": "BK0KYSDFNT17LK35E",
            "mileage": 10001,
            "cost": 130,
            "availability": true,
            "active": true,
            "image": "vehicles/tesla-s-black.png",
            "location": 3,
            "category": 3
        }
    },
    {
        "model": "car_rental.vehicle",
        "pk": 14,
        "fields": {
            "brand": 1,
            "model": "Model Y",
            "registration_plate": "GA79F86",
            "VIN_number": "F0MZ0PWF3IEQR6QGC",
            "mileage": 18910,
            "cost": 140,
            "availability": true,
            "active": true,
            "image": "vehicles/tesla-y-white.png",
            "location": 3,
            "category": 3
        }
    },
    {
        "model": "car_rental.vehicle",
        "pk": 15,
        "fields": {
            "brand": 7,
            "model": "500",
            "registration_plate": "GA32Y14",
            "VIN_number": "ZZBG6344CZP33N5EL",
            "mileage": 29910,
            "cost": 80,
            "availability": true,
            "active": true,
            "image": "vehicles/fiat-500-red.png",
            "location": 3,
            "category": 1
        }
    },
    {
        "model": "car_rental.vehicle",
        "pk": 16,
        "fields": {
            "brand": 6,
            "model": "Corsa",
            "registration_plate": "GA90L43",
            "VIN_number": "L7Y42GRKMYO5MBAVK",
            "mileage": 39201,
            "cost": 80,
            "availability": true,
            "active": true,
            "image": "vehicles/corsa-grey.jpeg",
            "location": 3,
            "category": 1
        }
    },
    {
        "model": "car_rental.vehicle",
        "pk": 17,
        "fields": {
            "brand": 2,
            "model": "5",
            "registration_plate": "GA30G89",
            "VIN_number": "USFOFS4X51PF91XJ8",
            "mileage": 15092,
            "cost": 150,
            "availability": true,
            "active": true,
            "image": "vehicles/bmw-5-blue.png",
            "location": 3,
            "category": 4
        }
    },
    {
        "model": "car_rental.vehicle",
        "pk": 18,
        "fields": {
            "brand": 2,
            "model": "3",
            "registration_plate": "GA17U36",
            "VIN_number": "EP9V175L3OZSIH6E8",
            "mileage": 22092,
            "cost": 120,
            "availability": true,
            "active": true,
            "image": "vehicles/bmw-3-blue.png",
            "location": 3,
            "category": 4
        }
    },
    {
        "model": "car_rental.vehicle",
        "pk": 19,
        "fields": {
            "brand": 3,
            "model": "GLC",
            "registration_plate": "GA09J36",
            "VIN_number": "7U8DD5AHN4F72FJ6U",
            "mileage": 31256,
            "cost": 140,
            "availability": true,
            "active": true,
            "image": "vehicles/mercedes-glc-black.png",
            "location": 3,
            "category": 2
        }
    },
    {
        "model": "car_rental.vehicle",
        "pk": 20,
        "fields": {
            "brand": 1,
            "model": "Model 3",
            "registration_plate": "KR80F02",
            "VIN_number": "NS9UO4FRCQIGP8Y8O",
            "mileage": 9043,
            "cost": 100,
            "availability": true,
            "active": true,
            "image": "vehicles/tesla-3-blue.png",
            "location": 4,
            "category": 3
        }
    },
    {
        "model": "car_rental.vehicle",
        "pk": 21,
        "fields": {
            "brand": 1,
            "model": "Model S",
            "registration_plate": "KR18D09",
            "VIN_number": "R2YPLKCS4T39BHSXV",
            "mileage": 2136,
            "cost": 120,
            "availability": true,
            "active": true,
            "image": "vehicles/tesla-s-black.png",
            "location": 4,
            "category": 3
        }
    },
    {
        "model": "car_rental.vehicle",
        "pk": 22,
        "fields": {
            "brand": 1,
            "model": "Model S",
            "registration_plate": "KR17B79",
            "VIN_number": "H3STAK2HBV4EY08CR",
            "mileage": 14987,
            "cost": 120,
            "availability": true,
            "active": true,
            "image": "vehicles/tesla-s-red.png",
            "location": 4,
            "category": 3
        }
    },
    {
        "model": "car_rental.vehicle",
        "pk": 23,
        "fields": {
            "brand": 3,
            "model": "S-Class",
            "registration_plate": "KR44B38",
            "VIN_number": "1LKU90NRW8K8ZXTCL",
            "mileage": 12019,
            "cost": 210,
            "availability": true,
            "active": true,
            "image": "vehicles/mercedes-s-black.png",
            "location": 4,
            "category": 4
        }
    },
    {
        "model": "car_rental.vehicle",
        "pk": 24,
        "fields": {
            "brand": 2,
            "model": "7",
            "registration_plate": "KR71M80",
            "VIN_number": "MJGIRIG1THDE3QIIU",
            "mileage": 16092,
            "cost": 200,
            "availability": false,
            "active": true,
            "image": "vehicles/bmw-7-black.png",
            "location": 4,
            "category": 4
        }
    },
    {
        "model": "car_rental.vehicle",
        "pk": 25,
        "fields": {
            "brand": 2,
            "model": "5",
            "registration_plate": "KR37P63",
            "VIN_number": "OMGQPAR6CZ9UB4CZI",
            "mileage": 10923,
            "cost": 150,
            "availability": true,
            "active": true,
            "image": "vehicles/bmw-5-black.png",
            "location": 4,
            "category": 4
        }
    },
    {
        "model": "car_rental.vehicle",
        "pk": 26,
        "fields": {
            "brand": 4,
            "model": "Tucson",
            "registration_plate": "KR46J78",
            "VIN_number": "3B2W28N4CTMWAFNBL",
            "mileage": 23129,
            "cost": 110,
            "availability": true,
            "active": true,
            "image": "vehicles/hyundai-tucson.jpeg",
            "location": 4,
            "category": 2
        }
    },
    {
        "model": "car_rental.vehicle",
        "pk": 27,
        "fields": {
            "brand": 5,
            "model": "Sportage",
            "registration_plate": "KR29Q11",
            "VIN_number": "RC215UWM9SIDDNIC0",
            "mileage": 11292,
            "cost": 110,
            "availability": true,
            "active": true,
            "image": "vehicles/kia-sportage.png",
            "location": 4,
            "category": 2
        }
    },
    {
        "model": "car_rental.vehicle",
        "pk": 28,
        "fields": {
            "brand": 2,
            "model": "X7",
            "registration_plate": "KR84Z16",
            "VIN_number": "3P0N4K86VEKBI0VWM",
            "mileage": 6890,
            "cost": 220,
            "availability": true,
            "active": true,
            "image": "vehicles/bmw-x7-black.png",
            "location": 4,
            "category": 2
        }
    },
    {
        "model": "car_rental.vehicle",
        "pk": 29,
        "fields": {
            "brand": 1,
            "model": "Model 3",
            "registration_plate": "SK03W39",
            "VIN_number": "2L5QLWT2W4MZ49MIN",
            "mileage": 4092,
            "cost": 100,
            "availability": true,
            "active": true,
            "image": "vehicles/tesla-3-black.png",
            "location": 2,
            "category": 3
        }
    },
    {
        "model": "car_rental.vehicle",
        "pk": 30,
        "fields": {
            "brand": 1,
            "model": "Model S",
            "registration_plate": "SK45T88",
            "VIN_number": "6OA5F2R7F8BR3UVRD",
            "mileage": 9374,
            "cost": 120,
            "availability": true,
            "active": true,
            "image": "vehicles/tesla-s-white.png",
            "location": 2,
            "category": 3
        }
    },
    {
        "model": "car_rental.vehicle",
        "pk": 31,
        "fields": {
            "brand": 2,
            "model": "5",
            "registration_plate": "SK04J16",
            "VIN_number": "ZJH3L6Z8EO9T74K99",
            "mileage": 2910,
            "cost": 150,
            "availability": true,
            "active": true,
            "image": "vehicles/bmw-5-black.png",
            "location": 2,
            "category": 4
        }
    },
    {
        "model": "car_rental.vehicle",
        "pk": 32,
        "fields": {
            "brand": 7,
            "model": "500",
            "registration_plate": "SK51R25",
            "VIN_number": "V3PLUVH7RWBNCOIWS",
            "mileage": 38492,
            "cost": 80,
            "availability": true,
            "active": true,
            "image": "vehicles/fiat-500-green.png",
            "location": 2,
            "category": 1
        }
    },
    {
        "model": "car_rental.vehicle",
        "pk": 33,
        "fields": {
            "brand": 6,
            "model": "Corsa",
            "registration_plate": "SK89P56",
            "VIN_number": "HKO1Q570VXEZYWILG",
            "mileage": 20331,
            "cost": 80,
            "availability": true,
            "active": true,
            "image": "vehicles/corsa-white.jpeg",
            "location": 2,
            "category": 1
        }
    },
    {
        "model": "car_rental.vehicle",
        "pk": 34,
        "fields": {
            "brand": 2,
            "model": "5",
            "registration_plate": "SK67V41",
            "VIN_number": "R5GWMGNA133WK45BI",
            "mileage": 16023,
            "cost": 150,
            "availability": true,
            "active": true,
            "image": "vehicles/bmw-5-black.png",
            "location": 2,
            "category": 4
        }
    },
    {
        "model": "car_rental.vehicle",
        "pk": 35,
        "fields": {
            "brand": 2,
            "model": "3",
            "registration_plate": "SK22E45",
            "VIN_number": "RG0TR1CJO4HBEG5IF",
            "mileage": 12093,
            "cost": 120,
            "availability": true,
            "active": true,
            "image": "vehicles/bmw-3-blue.png",
            "location": 2,
            "category": 4
        }
    },
    {
        "model": "car_rental.vehicle",
        "pk": 36,
        "fields": {
            "brand": 4,
            "model": "Tucson",
            "registration_plate": "SK13V62",
            "VIN_number": "C06OYSJPPSSPCEVWK",
            "mileage": 32094,
            "cost": 120,
            "availability": true,
            "active": true,
            "image": "vehicles/hyundai-tucson.jpeg",
            "location": 2,
            "category": 2
        }
    },
    {
        "model": "car_rental.vehicle",
        "pk": 37,
        "fields": {
            "brand": 5,
            "model": "Sportage",
            "registration_plate": "SK43Z77",
            "VIN_number": "CRK056129QTB3VW02",
            "mileage": 15237,
            "cost": 120,
            "availability": true,
            "active": true,
            "image": "vehicles/kia-sportage.png",
            "location": 2,
            "category": 2
        }
    },
    {
        "model": "car_rental.vehicle",
        "pk": 38,
        "fields": {
            "brand": 1,
            "model": "Model 3",
            "registration_plate": "DW09A70",
            "VIN_number": "WJ7R871QSHFDXC8MU",
            "mileage": 11923,
            "cost": 110,
            "availability": true,
            "active": true,
            "image": "vehicles/tesla-3-white.png",
            "location": 6,
            "category": 3
        }
    },
    {
        "model": "car_rental.vehicle",
        "pk": 39,
        "fields": {
            "brand": 1,
            "model": "Model S",
            "registration_plate": "DW43Z05",
            "VIN_number": "ZDKHOK85O7KS83XPM",
            "mileage": 12319,
            "cost": 130,
            "availability": true,
            "active": true,
            "image": "vehicles/tesla-s-red.png",
            "location": 6,
            "category": 3
        }
    },
    {
        "model": "car_rental.vehicle",
        "pk": 40,
        "fields": {
            "brand": 2,
            "model": "X7",
            "registration_plate": "DW43C31",
            "VIN_number": "JE8SRLHUGCJTP7SCO",
            "mileage": 7211,
            "cost": 210,
            "availability": true,
            "active": true,
            "image": "vehicles/bmw-x7 blue.png",
            "location": 6,
            "category": 2
        }
    },
    {
        "model": "car_rental.vehicle",
        "pk": 41,
        "fields": {
            "brand": 5,
            "model": "Sportage",
            "registration_plate": "DW44E24",
            "VIN_number": "D4WPIIQ6TTEIP5BLS",
            "mileage": 19112,
            "cost": 130,
            "availability": true,
            "active": true,
            "image": "vehicles/kia-sportage.png",
            "location": 6,
            "category": 2
        }
    },
    {
        "model": "car_rental.vehicle",
        "pk": 42,
        "fields": {
            "brand": 2,
            "model": "X5",
            "registration_plate": "DW20C86",
            "VIN_number": "PJKSTYIPRQY2BJ6SK",
            "mileage": 10229,
            "cost": 190,
            "availability": true,
            "active": true,
            "image": "vehicles/bmw-x5-black.png",
            "location": 6,
            "category": 2
        }
    },
    {
        "model": "car_rental.vehicle",
        "pk": 43,
        "fields": {
            "brand": 7,
            "model": "500",
            "registration_plate": "PO18E42",
            "VIN_number": "HTY7JHQ64FK72CVYN",
            "mileage": 31292,
            "cost": 80,
            "availability": true,
            "active": true,
            "image": "vehicles/fiat-500-white.png",
            "location": 5,
            "category": 1
        }
    },
    {
        "model": "car_rental.vehicle",
        "pk": 44,
        "fields": {
            "brand": 6,
            "model": "Corsa",
            "registration_plate": "PO00K64",
            "VIN_number": "R76V5TU6370ZYX78B",
            "mileage": 23333,
            "cost": 80,
            "availability": true,
            "active": true,
            "image": "vehicles/corsa-blue.jpeg",
            "location": 5,
            "category": 1
        }
    },
    {
        "model": "car_rental.vehicle",
        "pk": 45,
        "fields": {
            "brand": 3,
            "model": "GLC",
            "registration_plate": "PO90V02",
            "VIN_number": "OR9TVGT22QVVLWFZQ",
            "mileage": 15198,
            "cost": 140,
            "availability": true,
            "active": true,
            "image": "vehicles/mercedes-glc-black.png",
            "location": 5,
            "category": 2
        }
    },
    {
        "model": "car_rental.vehicle",
        "pk": 46,
        "fields": {
            "brand": 3,
            "model": "C-Class",
            "registration_plate": "PO17W95",
            "VIN_number": "7WLE8FBX3Q2FQCYFQ",
            "mileage": 13872,
            "cost": 130,
            "availability": true,
            "active": true,
            "image": "vehicles/mercedes-c-white.png",
            "location": 5,
            "category": 4
        }
    },
    {
        "model": "car_rental.vehicle",
        "pk": 47,
        "fields": {
            "brand": 2,
            "model": "3",
            "registration_plate": "PO42Y97",
            "VIN_number": "QDC4XDUHHYSJF9OOB",
            "mileage": 17819,
            "cost": 120,
            "availability": true,
            "active": true,
            "image": "vehicles/bmw-3-red.png",
            "location": 5,
            "category": 4
        }
    },
    {
        "model": "car_rental.vehicle",
        "pk": 48,
        "fields": {
            "brand": 2,
            "model": "5",
            "registration_plate": "PO98R53",
            "VIN_number": "OY33CFEG5BFMUTTPX",
            "mileage": 28129,
            "cost": 150,
            "availability": true,
            "active": true,
            "image": "vehicles/bmw-5-blue.png",
            "location": 5,
            "category": 4
        }
    },
    {
        "model": "car_rental.vehicle",
        "pk": 49,
        "fields": {
            "brand": 2,
            "model": "7",
            "registration_plate": "PO67P60",
            "VIN_number": "JAJNGMUHDJJBWB8B5",
            "mileage": 34333,
            "cost": 200,
            "availability": true,
            "active": true,
            "image": "vehicles/bmw-7-beige.png",
            "location": 5,
            "category": 4
        }
    },
    {
        "model": "car_rental.vehicle",
        "pk": 50,
        "fields": {
            "brand": 4,
            "model": "Tucson",
            "registration_plate": "PO47U45",
            "VIN_number": "9JL3B9EM4UYR5EY69",
            "mileage": 42191,
            "cost": 110,
            "availability": true,
            "active": true,
            "image": "vehicles/hyundai-tucson.jpeg",
            "location": 5,
            "category": 2
        }
    },
    {
        "model": "car_rental.vehicle",
        "pk": 51,
        "fields": {
            "brand": 5,
            "model": "Sportage",
            "registration_plate": "PO95S45",
            "VIN_number": "D4WPIIQ6TTEIP5BL3",
            "mileage": 23891,
            "cost": 110,
            "availability": true,
            "active": true,
            "image": "vehicles/kia-sportage.png",
            "location": 5,
            "category": 2
        }
    }
]